ProteinId,AnnotName,StartRes,EndRes,Color 	
sp|P41896|Tfg2,Dimerization domain,55,144, 0xe78ac3
sp|P41896|Tfg2,Dimerization domain,192,226, 0xe78ac3
sp|P41896|Tfg2,Linker,227,291, 0xfdbf6f
sp|P41896|Tfg2,WH domain,292,354, 0xa6d854
sp|P41896|Tfg2,Insertion,145,191, 0xcccccc
sp|P41895|Tfg1,N-terminal domain,1,97, 0xb3cde3
sp|P41895|Tfg1,Dimerization domain,98,167, 0xe78ac3
sp|P41895|Tfg1,Dimerization domain,305,400, 0xe78ac3
sp|P41895|Tfg1,Charged region,401,510, 0x1f78b4
sp|P41895|Tfg1,WH domain,673,728, 0xa6d854
sp|P41895|Tfg1,Insertion,168,304, 0xcccccc
